genes,final_score,initial_score,degree_in_disease,degree_in_background,degree_in_disease_normalized,publications,final_rank,source
TP53,0.0720934572293276,0.251450676982592,0.5383411580594679,0.06865062311989686,7.84175,11045.0,1,seed
PIK3CA,0.03805364530762019,0.258220502901354,0.2190923317683881,0.023635582294800173,9.2696,1628.0,2,seed
MYC,0.031347220857345946,0.155705996131528,0.4538341158059468,0.06467554791577138,7.01709,2476.0,3,seed
CCND1,0.017944769225492024,0.155705996131528,0.17996870109546168,0.013805328749462827,13.03618,1722.0,4,seed
CDH1,0.011918867131706673,0.0938104448742747,0.27543035993740217,0.04109368285345939,6.7025,2130.0,5,seed
BRCA1,0.008729017054336555,0.0203094777562863,0.4287949921752739,0.055328749462827675,7.74995,3285.0,6,seed
FGF3,0.00804337886687397,0.148936170212766,0.08607198748043819,0.005747743876235496,14.97492,54.0,7,seed
FGF4,0.007555748255607293,0.149903288201161,0.07355242566510173,0.0030081650193382035,24.45093,59.0,8,seed
FGF19,0.007075382008995366,0.150870406189555,0.06729264475743349,0.0029007305543618392,23.19852,145.0,9,seed
RAD21,0.006978542490037423,0.137330754352031,0.12519561815336464,0.019230769230769232,6.51017,183.0,10,seed
CTTN,0.00688923474308889,0.140232108317215,0.08607198748043819,0.007090674688440051,12.13876,372.0,11,seed
AKT1,0.006408944786512371,0.02321083172147,0.297339593114241,0.033358401375161155,8.91348,3541.0,12,seed
PTEN,0.006005293739753602,0.0444874274661509,0.18466353677621283,0.019606789858186507,9.41835,2670.0,13,seed
PIK3R1,0.005920730589224797,0.02321083172147,0.26134585289514867,0.03545337344220026,7.37154,830.0,14,seed
ERBB2,0.005622453078150172,0.0222437137330754,0.2347417840375587,0.02675118177911474,8.77501,3213.0,15,seed
ESR1,0.005564535241477577,0.0,0.35837245696400627,0.050762784701332185,7.05975,3509.0,16,first neighbor
EGFR,0.005533924291533929,0.0,0.3568075117370892,0.08052213149978513,4.43117,6391.0,17,first neighbor
MAP3K1,0.005164824139459232,0.062862669245648,0.12989045383411582,0.014342501074344649,9.05633,185.0,18,seed
UBC,0.004622377161713648,0.0,0.2863849765258216,0.0688117748173614,4.16186,1262.0,19,first neighbor
EP300,0.00450579019477715,0.0,0.3161189358372457,0.03910614525139665,8.08361,1271.0,20,first neighbor
RB1,0.00448380416154434,0.0193423597678917,0.2112676056338028,0.017350666093682854,12.17634,1344.0,21,seed
CDK2,0.004261243405651476,0.0,0.2895148669796557,0.04866781263429308,5.9488,866.0,22,first neighbor
GRB2,0.004250854284900978,0.0,0.2644757433489828,0.05377094972067039,4.91856,897.0,23,first neighbor
SP1,0.004148088979326029,0.0,0.29107981220657275,0.04641168886978943,6.27169,1270.0,24,first neighbor
NCOR1,0.00408327546535081,0.0357833655705996,0.15023474178403756,0.012838418564675548,11.70197,352.0,25,seed
SRC,0.004051701022191871,0.0,0.26760563380281693,0.04157713794585303,6.43636,1446.0,26,first neighbor
HSP90AA1,0.00398572489729173,0.0,0.27073552425665104,0.0486140954018049,5.56907,1213.0,27,first neighbor
RELA,0.003951929107764249,0.0,0.27543035993740217,0.04657284056725398,5.91397,1591.0,28,first neighbor
CTNNB1,0.0038796012053477656,0.0,0.2644757433489828,0.03910614525139665,6.76302,3116.0,29,first neighbor
ATM,0.0038624020808175306,0.0154738878143133,0.2050078247261346,0.01949935539321014,10.51357,1456.0,30,seed
MAPK1,0.003839697124566382,0.0,0.25039123630672927,0.0359368285345939,6.96754,2227.0,31,first neighbor
MAPK3,0.003784116433650955,0.0,0.24100156494522693,0.0341104426299957,7.06533,1437.0,32,first neighbor
ELAVL1,0.0037107827591068687,0.0,0.22848200312989045,0.09690588740868071,2.35777,666.0,33,first neighbor
HDAC1,0.0036945646142068677,0.0,0.24726134585289516,0.03550709067468844,6.96372,1215.0,34,first neighbor
AR,0.0036174936676917815,0.0,0.23943661971830987,0.028308981521272022,8.45797,2588.0,35,first neighbor
RUNX1,0.003614335344232015,0.0299806576402321,0.12050078247261346,0.0087559088955737,13.76222,863.0,36,seed
CREBBP,0.003551761117920449,0.0,0.25039123630672927,0.029275891706059303,8.55281,937.0,37,first neighbor
GATA3,0.0034726087715160874,0.0928433268858801,0.06885758998435054,0.007412978083369145,9.28879,474.0,38,seed
STAT3,0.003444122289201293,0.0,0.24100156494522693,0.029114740008594757,8.27765,3371.0,39,first neighbor
ERBB3,0.003403363006436409,0.0135396518375242,0.16118935837245696,0.017780403953588313,9.06556,546.0,40,seed
CDKN1A,0.0033500197637542665,0.0,0.23317683881064163,0.02696605070906747,8.64705,1795.0,41,first neighbor
JUN,0.003206062182701792,0.0,0.22535211267605634,0.03330468414267297,6.76638,1255.0,42,first neighbor
NFKB1,0.0032046458780299637,0.0,0.2190923317683881,0.03851525569402665,5.68846,3250.0,43,first neighbor
CDK1,0.003110810704466869,0.0,0.2112676056338028,0.0389449935539321,5.42477,1039.0,44,first neighbor
RPS27A,0.0030688036232528857,0.0,0.18779342723004694,0.03185431886549205,5.89538,200.0,45,first neighbor
MYH9,0.0030501509262746435,0.0212765957446809,0.13458528951486698,0.019982810485603783,6.73505,556.0,46,seed
MDM2,0.003024655053627671,0.0,0.21439749608763695,0.03013536742587022,7.11448,2114.0,47,first neighbor
SMAD3,0.0029876483888563268,0.0,0.2050078247261346,0.02653631284916201,7.72556,942.0,48,first neighbor
HSP90AB1,0.0029688901635009186,0.0,0.20031298904538342,0.036850021486892995,5.4359,474.0,49,first neighbor
SHC1,0.0029268419114164366,0.0,0.18935837245696402,0.022668672110012892,8.35331,559.0,50,first neighbor
UBB,0.0029236536979882696,0.0,0.18622848200312989,0.03459389772238934,5.38328,290.0,51,first neighbor
NPM1,0.0028463908573923766,0.0,0.18935837245696402,0.039213579716373015,4.8289,1011.0,52,first neighbor
CBL,0.002841875748663988,0.0,0.17370892018779344,0.020842286205414697,8.33445,740.0,53,first neighbor
CASP8,0.0028336905733934116,0.0145067698259188,0.13302034428794993,0.012838418564675548,10.36112,929.0,54,seed
PIK3R2,0.002801716321776875,0.0,0.1784037558685446,0.024441340782122904,7.29926,221.0,55,first neighbor
ASAP1,0.0027563860924270677,0.130560928433269,0.03129890453834116,0.0026321443919209283,11.89103,90.0,56,seed
YWHAZ,0.002753508721530069,0.0,0.19405320813771518,0.03695745595186936,5.25072,662.0,57,first neighbor
CSNK2A1,0.002742940797269019,0.0,0.19248826291079812,0.03856897292651482,4.99075,839.0,58,first neighbor
FBXW7,0.0027100294692343173,0.0135396518375242,0.12832550860719874,0.01240868070477009,10.34159,541.0,59,seed
FADD,0.00269073395430238,0.144100580270793,0.04538341158059468,0.005908895573700043,7.68052,343.0,60,seed
HDAC2,0.0026579679627001585,0.0,0.18153364632237873,0.021862913622690158,8.30327,722.0,61,first neighbor
EIF3H,0.002637042513028638,0.143133462282398,0.03912363067292645,0.006875805758487323,5.69004,146.0,62,seed
GSK3B,0.002630070935195721,0.0,0.18309859154929578,0.028308981521272022,6.46786,1434.0,63,first neighbor
HSPA8,0.002617796777064193,0.0,0.1705790297339593,0.03717232488182209,4.58887,799.0,64,first neighbor
SIRT7,0.0025971879056616294,0.0,0.16588419405320814,0.037279759346798454,4.44971,112.0,65,first neighbor
SNW1,0.002583502124855856,0.0,0.17370892018779344,0.03298238074774388,5.26672,187.0,66,first neighbor
ATAD2,0.002558052506458153,0.130560928433269,0.023474178403755867,0.0011817791147400085,19.86342,93.0,67,seed
E2F1,0.002544509773798079,0.0,0.17214397496087638,0.01928448646325741,8.92655,914.0,68,first neighbor
HIF1A,0.0025338783048271707,0.0,0.16901408450704225,0.019982810485603783,8.45797,3666.0,69,first neighbor
HRAS,0.00252986244778121,0.0,0.15336463223787167,0.024656209712075633,6.22012,797.0,70,first neighbor
FOS,0.002484425341299297,0.0,0.1643192488262911,0.026160292221744735,6.28125,500.0,71,first neighbor
H3C1|H3C10|H3C11|H3C12|H3C2|H3C3|H3C4|H3C6|H3C7|H3C8,0.0024710515148169783,0.0,0.16588419405320814,0.029007305543618394,5.7187,487.0,72,first neighbor
PLCG1,0.002464236626138195,0.0,0.13771517996870108,0.027073485174043833,5.08672,430.0,73,first neighbor
MAPK14,0.0024517352408895974,0.0,0.1784037558685446,0.026106574989256552,6.83367,1407.0,74,first neighbor
PARP1,0.00240327990529388,0.0,0.17370892018779344,0.017404383326171037,9.98076,1371.0,75,first neighbor
PIK3CB,0.0023941284987855013,0.0,0.15179968701095461,0.019767941555651054,7.67908,251.0,76,first neighbor
ABL1,0.002392538498946233,0.0,0.1643192488262911,0.02530081650193382,6.49462,875.0,77,first neighbor
HDAC3,0.002383175555865127,0.0,0.15805946791862285,0.018586162440911044,8.50415,472.0,78,first neighbor
SMAD2,0.002367319434105836,0.0,0.15805946791862285,0.024602492479587453,6.42453,682.0,79,first neighbor
MET,0.002352087167178966,0.0,0.14241001564945227,0.01289213579716373,11.04627,1371.0,80,first neighbor
PPARG,0.002349670076802762,0.0,0.1564945226917058,0.01794155565105286,8.72246,2198.0,81,first neighbor
UBE2I,0.0023072529206731524,0.0,0.15492957746478875,0.03153201547056295,4.91341,553.0,82,first neighbor
MAPK8,0.0023028834860391676,0.0,0.1674491392801252,0.02116458960034379,7.91176,1021.0,83,first neighbor
STAT1,0.002282482957626534,0.0,0.1486697965571205,0.039052428018908465,3.80693,1040.0,84,first neighbor
IKBKG,0.0022796865774436887,0.0,0.16118935837245696,0.026590030081650194,6.06202,506.0,85,first neighbor
FOXA1,0.002252484110128521,0.0261121856866538,0.09702660406885759,0.016920928233777395,5.73412,311.0,86,seed
FYN,0.0022227014341378716,0.0,0.14397496087636932,0.030565105285775676,4.71044,637.0,87,first neighbor
CRK,0.002221621080933954,0.0,0.13145539906103287,0.02701976794155565,4.86516,311.0,88,first neighbor
EWSR1,0.0022205717073643626,0.0,0.14084507042253522,0.03341211860764933,4.21539,411.0,89,first neighbor
KRAS,0.0021770495304669485,0.0,0.12832550860719874,0.016867211001289215,7.60799,2844.0,90,first neighbor
SIRT1,0.002175654906514098,0.0,0.14397496087636932,0.01649119037387194,8.73042,1631.0,91,first neighbor
NRAS,0.0021484286319048695,0.0,0.12989045383411582,0.015040825096691019,8.63586,621.0,92,first neighbor
MED30,0.00213834948237719,0.134429400386847,0.03755868544600939,0.003813923506660937,9.84778,53.0,93,seed
PML,0.0021380745740553968,0.0,0.14710485133020346,0.013912763214439192,10.57337,639.0,94,first neighbor
LMNA,0.0021320507405789627,0.0,0.13615023474178403,0.040073055436183926,3.39755,946.0,95,first neighbor
SHANK2,0.002127459188968091,0.13926499032882,0.017214397496087636,0.0019338203695745595,8.90176,67.0,96,seed
CHD4,0.00212008557518642,0.0203094777562863,0.10328638497652583,0.008218736570691878,12.56719,274.0,97,seed
CDC5L,0.0021179338541657254,0.0,0.14553990610328638,0.03282122905027933,4.43432,201.0,98,first neighbor
PIK3R3,0.002081294442095238,0.0,0.13928012519561817,0.020305113880532875,6.85936,105.0,99,first neighbor
NOTCH1,0.0020683515721573163,0.0,0.13928012519561817,0.01729694886119467,8.05229,1503.0,100,first neighbor
H2AX,0.002055723079285279,0.0,0.14084507042253522,0.01853244520842286,7.59992,530.0,101,first neighbor
CREB1,0.0020419981531894778,0.0,0.13458528951486698,0.028147829823807476,4.78137,696.0,102,first neighbor
SOS1,0.002041229905808466,0.0,0.12363067292644758,0.014987107864202836,8.24913,270.0,103,first neighbor
NCOA3,0.002039644589378529,0.0,0.12989045383411582,0.011764073914911903,11.04128,412.0,104,first neighbor
RPA1,0.0020373423111622463,0.0,0.13771517996870108,0.026482595616673828,5.20021,447.0,105,first neighbor
CDC37,0.0020322608162693105,0.0,0.13771517996870108,0.024495058014611087,5.62216,253.0,106,first neighbor
EZH2,0.0020271383686743796,0.0,0.13458528951486698,0.019660507090674687,6.84546,1386.0,107,first neighbor
H3-4,0.0020218183184663005,0.0,0.1267605633802817,0.022292651482595616,5.6862,290.0,108,first neighbor
PTK2,0.0020138027723203685,0.0,0.12832550860719874,0.016598624838848303,7.73109,1027.0,109,first neighbor
RPA2,0.0020121604207737204,0.0,0.13458528951486698,0.025354533734422,5.30814,248.0,110,first neighbor
EED,0.002009740378946135,0.0,0.14084507042253522,0.026428878384185648,5.32921,150.0,111,first neighbor
IGF1R,0.00200792801614304,0.0,0.12206572769953052,0.012516115169746454,9.75268,1200.0,112,first neighbor
SMAD4,0.0019885307933209164,0.0,0.13928012519561817,0.018854748603351956,7.38701,842.0,113,first neighbor
FLNA,0.001986541266218403,0.0,0.12832550860719874,0.02094972067039106,6.1254,572.0,114,first neighbor
KAT2B,0.001983769540200091,0.0,0.13615023474178403,0.012247529007305543,11.11655,409.0,115,first neighbor
IKBKB,0.001974472645705277,0.0,0.13771517996870108,0.015201976794155565,9.05903,599.0,116,first neighbor
H4-16|H4C1|H4C11|H4C12|H4C13|H4C14|H4C15|H4C2|H4C3|H4C4|H4C5|H4C6|H4C8|H4C9,0.0019675395830744276,0.0,0.13302034428794993,0.023044692737430168,5.77228,,117,first neighbor
CASP3,0.001966909826071345,0.0,0.12519561815336464,0.013751611516974646,9.10407,1203.0,118,first neighbor
CHUK,0.0019462572897307232,0.0,0.12832550860719874,0.012945853029651913,9.91248,530.0,119,first neighbor
PRKCD,0.0019433570795124823,0.0,0.13302034428794993,0.015470562956596476,8.59829,688.0,120,first neighbor
SMARCA4,0.0019384856007778049,0.0,0.12519561815336464,0.012140094542329179,10.31257,634.0,121,first neighbor
NR3C1,0.0019267822033245336,0.0,0.13771517996870108,0.01847872797593468,7.45263,1208.0,122,first neighbor
BTRC,0.0019240901284347258,0.0,0.12206572769953052,0.02213149978513107,5.51547,500.0,123,first neighbor
PLK1,0.0019196999694820129,0.0,0.12989045383411582,0.02798667812634293,4.64115,822.0,124,first neighbor
ERBB4,0.001913624307087031,0.0,0.11267605633802817,0.011012032660077354,10.23209,372.0,125,first neighbor
PPP1CA,0.001859570535282838,0.0,0.12363067292644758,0.02723463687150838,4.53946,366.0,126,first neighbor
TRPS1,0.0018415710535066914,0.140232108317215,0.0297339593114241,0.001557799742157284,19.08715,132.0,127,seed
BRCA2,0.0018296010853169446,0.0193423597678917,0.07668231611893583,0.006392350666093683,11.99595,2089.0,128,seed
PPP1CC,0.0018282980565545847,0.0,0.12206572769953052,0.027825526428878384,4.38683,233.0,129,first neighbor
FOXO3,0.0018268322696880048,0.0,0.12363067292644758,0.011495487752470992,10.75471,739.0,130,first neighbor
NF1,0.0018248858856443027,0.0280464216634429,0.054773082942097026,0.007144391920928234,7.66658,583.0,131,seed
STUB1,0.0018152803258743458,0.0,0.12519561815336464,0.017780403953588313,7.04121,565.0,132,first neighbor
CDK4,0.0017762538788556972,0.0,0.12050078247261346,0.013912763214439192,8.66117,660.0,133,first neighbor
IRS1,0.0017594020732424388,0.0,0.12050078247261346,0.00854103996562097,14.10844,634.0,134,first neighbor
MYB,0.0017575619969881873,0.006769825918762,0.09859154929577466,0.007520412548345509,13.10986,345.0,135,seed
VEGFA,0.00175629978382856,0.0,0.12363067292644758,0.008433605500644608,14.65929,5040.0,136,first neighbor
PRKDC,0.0017557828666681305,0.0,0.1267605633802817,0.015792866351525568,8.02644,769.0,137,first neighbor
HSPA4,0.00175572225568056,0.0,0.12050078247261346,0.016383755908895573,7.35489,831.0,138,first neighbor
TRIM25,0.0017499738094951815,0.0,0.12206572769953052,0.01869359690588741,6.52981,237.0,139,first neighbor
NCOR2,0.0017496545263365653,0.0,0.12363067292644758,0.009991405242801892,12.3737,333.0,140,first neighbor
BMI1,0.0017292061137975997,0.0,0.11580594679186229,0.022238934250107433,5.20735,578.0,141,first neighbor
PDGFRB,0.0017255889633819841,0.0,0.10015649452269171,0.014342501074344649,6.9832,535.0,142,first neighbor
ESR2,0.0017243341986724432,0.0,0.11111111111111112,0.012730984099699184,8.72761,1243.0,143,first neighbor
BCL2,0.0017220814289540024,0.0,0.12519561815336464,0.013053287494628276,9.59112,2163.0,144,first neighbor
PPP1CB,0.0017145550431513445,0.0,0.10641627543035995,0.021218306832831973,5.0153,231.0,145,first neighbor
NCL,0.0017121284530224488,0.0,0.11737089201877934,0.02019767941555651,5.81111,555.0,146,first neighbor
FGFR1,0.0017101518173305431,0.0,0.10172143974960876,0.010528577567683713,9.66146,717.0,147,first neighbor
SOX2,0.001698834435363803,0.0,0.09859154929577466,0.021110872367855606,4.67018,751.0,148,first neighbor
ATR,0.001688698506661738,0.0,0.11424100156494522,0.011119467125053717,10.27396,584.0,149,first neighbor
ETS1,0.0016869227966241507,0.0,0.11267605633802817,0.01337559088955737,8.42401,422.0,150,first neighbor
RAF1,0.0016739304280601127,0.0,0.11424100156494522,0.014235066609368286,8.02532,653.0,151,first neighbor
RPA3,0.0016672347350233457,0.0,0.11424100156494522,0.02315212720240653,4.93436,146.0,152,first neighbor
ACTG1,0.0016660117082493181,0.0,0.10954616588419405,0.017672969488611946,6.19851,325.0,153,first neighbor
IQGAP1,0.0016610681832787836,0.0,0.10954616588419405,0.015524280189084659,7.05644,378.0,154,first neighbor
KDR,0.0016532591461476988,0.0,0.10015649452269171,0.00923936398796734,10.84019,1059.0,155,first neighbor
CEBPB,0.0016511709397181607,0.0,0.11580594679186229,0.01289213579716373,8.98268,490.0,156,first neighbor
PRKCZ,0.0016463533763575984,0.0,0.11267605633802817,0.011549204984959175,9.75617,374.0,157,first neighbor
YWHAE,0.0016185454302367645,0.0,0.10954616588419405,0.026160292221744735,4.1875,484.0,158,first neighbor
FGFR2,0.0016131556692848103,0.0,0.09546165884194054,0.01047486033519553,9.11341,670.0,159,first neighbor
INSR,0.0016103796940397793,0.0,0.09233176838810642,0.011226901590030081,8.22415,705.0,160,first neighbor
SQSTM1,0.0016102029630463185,0.0,0.11111111111111112,0.018908465835840136,5.87626,906.0,161,first neighbor
MEN1,0.0015925012348324615,0.0106382978723404,0.07668231611893583,0.00413622690159003,18.53919,353.0,162,seed
SIN3A,0.0015844402288793915,0.0,0.11111111111111112,0.011925225612376451,9.31732,331.0,163,first neighbor
HSPA1B,0.001570269354006761,0.0,0.107981220657277,0.0175118177911474,6.16619,311.0,164,first neighbor
RXRA,0.0015656095616075755,0.0,0.107981220657277,0.015255694026643748,7.07809,505.0,165,first neighbor
NCOA1,0.001557398483447274,0.0,0.10328638497652583,0.010797163730124624,9.56607,337.0,166,first neighbor
TRIM28,0.001556125592675376,0.0,0.10954616588419405,0.015416845724108294,7.10561,441.0,167,first neighbor
FOXO1,0.0015490674549177921,0.0,0.107981220657277,0.012140094542329179,8.89459,733.0,168,first neighbor
PKM,0.0015473928984540849,0.0,0.11111111111111112,0.01772668672110013,6.26801,682.0,169,first neighbor
PPP2CB,0.00153532319315917,0.0,0.10641627543035995,0.016867211001289215,6.30906,138.0,170,first neighbor
CDC42,0.0015321030018847024,0.0,0.09859154929577466,0.02191663085517834,4.49848,730.0,171,first neighbor
GAB1,0.0015300190290218588,0.0,0.08607198748043819,0.00730554361839278,11.78174,202.0,172,first neighbor
SPTA1,0.001528633601073769,0.0396518375241779,0.06572769953051644,0.005156854318865492,12.7457,157.0,173,seed
ARID1A,0.0015201612095477753,0.0241779497098646,0.05320813771517997,0.0035453373442200257,15.00792,399.0,174,seed
CRKL,0.0015165692827454078,0.0,0.09546165884194054,0.010582294800171895,9.02088,273.0,175,first neighbor
HSPA1A,0.0015162181535835644,0.0,0.10641627543035995,0.015631714654061022,6.80772,722.0,176,first neighbor
YY1,0.001501341072096956,0.0,0.10641627543035995,0.014718521701761925,7.23009,479.0,177,first neighbor
PDGFRA,0.0015003095715878324,0.0,0.08607198748043819,0.012516115169746454,6.87689,535.0,178,first neighbor
TNFRSF1A,0.0014999561254494087,0.0,0.10172143974960876,0.013697894284486463,7.42606,795.0,179,first neighbor
USP7,0.0014979976731267506,0.0,0.10485133020344288,0.0175118177911474,5.98746,486.0,180,first neighbor
CDKN1B,0.0014945256143610568,0.0,0.10328638497652583,0.010152556940266438,10.17344,1083.0,181,first neighbor
TERF1,0.001486488681608869,0.0,0.10172143974960876,0.019606789858186507,5.18807,218.0,182,first neighbor
KAT5,0.0014864583481360525,0.0,0.10485133020344288,0.022507520412548346,4.6585,341.0,183,first neighbor
PGR,0.0014831928536454487,0.0,0.09233176838810642,0.00827245380318006,11.16135,770.0,184,first neighbor
PAK1,0.0014818817269973885,0.0,0.10328638497652583,0.012569832402234637,8.21701,535.0,185,first neighbor
NFATC1,0.001462167571517414,0.0,0.09702660406885759,0.012838418564675548,7.55752,259.0,186,first neighbor
CHEK1,0.001461419399165039,0.0,0.09859154929577466,0.013429308122045552,7.34152,570.0,187,first neighbor
TP73,0.0014548463595227667,0.0,0.10015649452269171,0.009024495058014611,11.09829,667.0,188,first neighbor
LCK,0.0014547974351482424,0.0,0.10172143974960876,0.013429308122045552,7.57459,541.0,189,first neighbor
DNMT1,0.0014520105311298904,0.0,0.10328638497652583,0.00827245380318006,12.48558,781.0,190,first neighbor
FGFR4,0.0014515970854535138,0.0,0.08137715179968702,0.008165019338203695,9.96656,253.0,191,first neighbor
TUBG1,0.0014471457540038758,0.0,0.09076682316118936,0.014987107864202836,6.05633,206.0,192,first neighbor
NGFR,0.00144087069841886,0.0,0.07668231611893583,0.008648474430597335,8.86657,369.0,193,first neighbor
SUMO1,0.0014308673890358684,0.0,0.10015649452269171,0.011817791147400086,8.47506,602.0,194,first neighbor
FGF2,0.0014257067972624088,0.0,0.09546165884194054,0.0059626128061882255,16.01004,847.0,195,first neighbor
NCK1,0.0014199714848884982,0.0,0.08607198748043819,0.0199290932531156,4.31891,249.0,196,first neighbor
FLT1,0.0014155988377632497,0.0,0.07981220657276995,0.0059626128061882255,13.38544,800.0,197,first neighbor
PLCG2,0.0014126721417040261,0.0,0.08607198748043819,0.01772668672110013,4.8555,168.0,198,first neighbor
ILK,0.0014067360007483033,0.0,0.0892018779342723,0.014933390631714654,5.97332,355.0,199,first neighbor
MED1,0.0013921151126914876,0.0,0.09076682316118936,0.009669101847872797,9.38731,230.0,200,first neighbor
ERLIN2,0.0013901549451049496,0.133462282398453,0.025039123630672927,0.004941985388912763,5.06661,131.0,201,seed
RARA,0.0013843437684189506,0.0,0.10015649452269171,0.011710356682423722,8.55281,451.0,202,first neighbor
FGF8,0.0013815906862559438,0.0,0.08607198748043819,0.007950150408250967,10.82646,93.0,203,first neighbor
CTCF,0.0013742167569565306,0.0164410058027079,0.0594679186228482,0.0053717232488182205,11.07055,410.0,204,seed
SKP1,0.0013739494521489573,0.0,0.08294209702660407,0.013053287494628276,6.35412,505.0,205,first neighbor
DDB1,0.001373277477191408,0.0,0.09076682316118936,0.014342501074344649,6.32852,531.0,206,first neighbor
PTPN6,0.0013701149206896772,0.0,0.09389671361502347,0.014879673399226473,6.3104,433.0,207,first neighbor
SMC1A,0.0013699360917568814,0.0,0.09389671361502347,0.019069617533304686,4.92389,266.0,208,first neighbor
CDK5,0.0013644288451868612,0.0,0.08763693270735524,0.012086377309840997,7.25089,423.0,209,first neighbor
YBX1,0.0013602919087860317,0.0,0.09076682316118936,0.018210141813493768,4.98441,607.0,210,first neighbor
AKT3,0.0013514432184256592,0.0,0.09389671361502347,0.009669101847872797,9.71101,230.0,211,first neighbor
LIMA1,0.0013340335356912445,0.0,0.08607198748043819,0.014396218306832832,5.97879,134.0,212,first neighbor
CDK8,0.0013339602985386495,0.0,0.08294209702660407,0.007359260850880962,11.27044,160.0,213,first neighbor
FLT3,0.0013123945803452072,0.0,0.07355242566510173,0.005747743876235496,12.79675,791.0,214,first neighbor
TP53BP1,0.0013109989822793844,0.0,0.08763693270735524,0.01020627417275462,8.58657,404.0,215,first neighbor
RBPJ,0.0013099218695558613,0.0,0.08450704225352113,0.010904598195100989,7.74967,211.0,216,first neighbor
FRS2,0.0013085190723318733,0.0,0.07198748043818466,0.0040825096691018475,17.63314,112.0,217,first neighbor
SPTAN1,0.0013045020910179006,0.0,0.09389671361502347,0.011334336055006446,8.28427,248.0,218,first neighbor
TUBB,0.0013025352559171742,0.0,0.08294209702660407,0.019391920928233778,4.27715,381.0,219,first neighbor
SKP2,0.001301848073918328,0.0,0.09389671361502347,0.011602922217447357,8.09251,544.0,220,first neighbor
SMAD1,0.0012998981124476756,0.0,0.08450704225352113,0.012354963472281908,6.83993,292.0,221,first neighbor
XRCC5,0.0012991941589504787,0.0,0.09233176838810642,0.012999570262140095,7.10268,582.0,222,first neighbor
HNRNPK,0.0012946242967252154,0.0,0.0892018779342723,0.02068113450795015,4.3132,480.0,223,first neighbor
UBE3A,0.0012934586303467188,0.0,0.07511737089201878,0.013912763214439192,5.39917,352.0,224,first neighbor
NANOG,0.00129063045506368,0.0,0.0782472613458529,0.013912763214439192,5.62414,329.0,225,first neighbor
TERF2,0.0012836653243933171,0.0,0.08607198748043819,0.015792866351525568,5.45005,291.0,226,first neighbor
CTBP1,0.0012830325759025814,0.0,0.08450704225352113,0.009830253545337344,8.59663,272.0,227,first neighbor
EPHA2,0.001253853452951906,0.0,0.07042253521126761,0.008863343360550065,7.94537,390.0,228,first neighbor
EHMT2,0.0012516541750840228,0.0,0.07981220657276995,0.009669101847872797,8.25436,286.0,229,first neighbor
RBBP4,0.0012479121225337775,0.0,0.08607198748043819,0.011764073914911903,7.31651,352.0,230,first neighbor
CSF1R,0.0012450266687814297,0.0,0.06885758998435054,0.005479157713794585,12.56719,250.0,231,first neighbor
IRF1,0.0012433985047076474,0.0,0.0892018779342723,0.008863343360550065,10.06413,367.0,232,first neighbor
VDR,0.0012381488147010893,0.0,0.08607198748043819,0.009991405242801892,8.6146,2316.0,233,first neighbor
MTOR,0.0012354338421609636,0.0,0.08294209702660407,0.013644177051998281,6.07894,2332.0,234,first neighbor
DDX5,0.0012326186503035966,0.0,0.08450704225352113,0.011226901590030081,7.52719,396.0,235,first neighbor
RPL10,0.0012308225647592597,0.0,0.07668231611893583,0.021003437902879243,3.65094,211.0,236,first neighbor
MAP2K4,0.0012269009550599473,0.0290135396518375,0.05320813771517997,0.005049419853889127,10.53748,204.0,237,seed
RET,0.001224595697338856,0.0,0.07355242566510173,0.0063386334336055,11.60383,949.0,238,first neighbor
SF3B1,0.0012205449137543674,0.0164410058027079,0.06103286384976526,0.012623549634722819,4.83484,402.0,239,seed
BIRC5,0.0012128529856363986,0.0,0.08137715179968702,0.011495487752470992,7.07905,1320.0,240,first neighbor
YES1,0.0012070289270096114,0.0,0.07668231611893583,0.009937688010313708,7.71631,205.0,241,first neighbor
THRB,0.0012014303878547065,0.0,0.07042253521126761,0.006231198968629136,11.3016,291.0,242,first neighbor
DBN1,0.0011972358384971672,0.0,0.07668231611893583,0.012354963472281908,6.2066,163.0,243,first neighbor
TEK,0.0011936237197547757,0.0,0.06259780907668232,0.005640309411259132,11.09829,291.0,244,first neighbor
RPS2,0.0011910123768543242,0.0,0.06572769953051644,0.016813493768801032,3.90922,233.0,245,first neighbor
MAP2K1,0.001182512916699911,0.0,0.07668231611893583,0.00778899871078642,9.84495,490.0,246,first neighbor
SP3,0.001177262805287458,0.0,0.07668231611893583,0.011549204984959175,6.63962,218.0,247,first neighbor
TP63,0.001173546016222176,0.0,0.08607198748043819,0.009561667382896433,9.00178,917.0,248,first neighbor
FLT4,0.0011730622537116354,0.0,0.06416275430359937,0.005694026643747314,11.26843,265.0,249,first neighbor
SMC3,0.0011725268090644072,0.0,0.07981220657276995,0.013644177051998281,5.84954,219.0,250,first neighbor
TFAP2A,0.0011624302713649042,0.0,0.0782472613458529,0.014181349376880103,5.51762,267.0,251,first neighbor
IRS4,0.001158608627173269,0.0,0.07355242566510173,0.008326171035668243,8.83388,163.0,252,first neighbor
TERT,0.0011576839549192037,0.0,0.08294209702660407,0.006499785131070047,12.76074,1992.0,253,first neighbor
NR4A1,0.001156860013532404,0.0,0.08294209702660407,0.008702191663085519,9.53117,282.0,254,first neighbor
BTK,0.0011513020011852137,0.0,0.07668231611893583,0.011764073914911903,6.51835,347.0,255,first neighbor
CCT2,0.0011464575523702884,0.0,0.07198748043818466,0.01461108723678556,4.92691,261.0,256,first neighbor
IFI16,0.001142793992335417,0.0,0.06885758998435054,0.019606789858186507,3.51193,203.0,257,first neighbor
KMT2A,0.0011334742849460574,0.0,0.07511737089201878,0.006768371293510958,11.09829,622.0,258,first neighbor
PPFIA1,0.0011269331313455509,0.143133462282398,0.01564945226917058,0.0034916201117318434,4.482,102.0,259,seed
SPTBN1,0.0011251578265678583,0.0,0.07668231611893583,0.008111302105715514,9.45376,209.0,260,first neighbor
NFE2L2,0.001123826938546327,0.0,0.07981220657276995,0.01020627417275462,7.81992,1648.0,261,first neighbor
SMARCB1,0.0011195684593873366,0.0,0.07355242566510173,0.010850880962612806,6.77848,477.0,262,first neighbor
TWIST1,0.0011135572751253744,0.0,0.0782472613458529,0.005479157713794585,14.28089,712.0,263,first neighbor
NGF,0.0011111576687823108,0.0,0.07511737089201878,0.0053717232488182205,13.98385,393.0,264,first neighbor
E2F4,0.0011107053607189317,0.0,0.06729264475743349,0.0063386334336055,10.61627,164.0,265,first neighbor
FAS,0.001109817241880986,0.0,0.07042253521126761,0.008003867640739149,8.79856,1232.0,266,first neighbor
IRAK1,0.0011094847280967346,0.0,0.07668231611893583,0.009131929522990976,8.39716,342.0,267,first neighbor
THRA,0.001108790265756159,0.0,0.07042253521126761,0.007198109153416416,9.78348,206.0,268,first neighbor
RPS27,0.0011085569190765329,0.0,0.06729264475743349,0.017189514396218308,3.91475,157.0,269,first neighbor
CHD3,0.0011042088943761725,0.0,0.07355242566510173,0.008379888268156424,8.77726,152.0,270,first neighbor
PPARGC1A,0.0011001838581067938,0.0,0.07668231611893583,0.009454232917920068,8.1109,759.0,271,first neighbor
WDR5,0.001097235925209147,0.0,0.06885758998435054,0.011495487752470992,5.98997,261.0,272,first neighbor
PIAS1,0.0010971190129862732,0.0,0.07668231611893583,0.010098839707778254,7.59318,229.0,273,first neighbor
ITGB1,0.0010969306249806968,0.0,0.07042253521126761,0.014772238934250108,4.76722,1397.0,274,first neighbor
MED23,0.0010906855195404,0.0,0.07355242566510173,0.009830253545337344,7.48225,104.0,275,first neighbor
RPS6,0.001086109369279467,0.0,0.06416275430359937,0.014020197679415557,4.57645,275.0,276,first neighbor
HEY1,0.0010842853775212121,0.0,0.06729264475743349,0.007896433175762784,8.5219,83.0,277,first neighbor
CCNE1,0.0010818062654816296,0.0,0.07668231611893583,0.007090674688440051,10.81453,493.0,278,first neighbor
PRKCI,0.0010789181438084555,0.0,0.07042253521126761,0.00827245380318006,8.5129,291.0,279,first neighbor
SMARCC2,0.0010780333420545656,0.0,0.07668231611893583,0.007036957455951869,10.89708,192.0,280,first neighbor
RPS16,0.001077828953461963,0.0,0.06416275430359937,0.013536742587021916,4.7399,191.0,281,first neighbor
GSN,0.001077133768703779,0.0,0.057902973395931145,0.0150945423291792,3.83602,321.0,282,first neighbor
RAD51,0.0010766968759413494,0.0,0.07355242566510173,0.00827245380318006,8.89125,789.0,283,first neighbor
SMARCC1,0.0010748274379317256,0.0,0.07198748043818466,0.007520412548345509,9.57228,227.0,284,first neighbor
TOP2A,0.001066138403402336,0.0,0.07355242566510173,0.006392350666093683,11.50632,572.0,285,first neighbor
ANXA2,0.0010644159859484253,0.0,0.07042253521126761,0.008326171035668243,8.45797,660.0,286,first neighbor
RPS6KB1,0.0010634790933733607,0.0,0.07355242566510173,0.006392350666093683,11.50632,407.0,287,first neighbor
SKI,0.0010582760096751816,0.0,0.07511737089201878,0.007090674688440051,10.59383,152.0,288,first neighbor
ACTA1,0.0010580813410112308,0.0,0.07042253521126761,0.011871508379888268,5.93206,421.0,289,first neighbor
FANCA,0.0010515033807291844,0.0,0.07511737089201878,0.0068220885259991405,11.01091,220.0,290,first neighbor
GLI1,0.0010498405466794324,0.0,0.06572769953051644,0.009185646755479157,7.15548,450.0,291,first neighbor
CD44,0.001048637010495077,0.0,0.07355242566510173,0.009937688010313708,7.40136,1390.0,292,first neighbor
FGF16,0.0010483477217659916,0.0,0.07042253521126761,0.0033304684142672967,21.14493,24.0,293,first neighbor
FGF6,0.0010483477217659916,0.0,0.07042253521126761,0.002847013321873657,24.73558,29.0,294,first neighbor
FGF5,0.0010483477217659916,0.0,0.07042253521126761,0.002847013321873657,24.73558,66.0,295,first neighbor
FGF22,0.0010483477217659916,0.0,0.07042253521126761,0.002793296089385475,25.21127,18.0,296,first neighbor
FGF17,0.0010483477217659916,0.0,0.07042253521126761,0.0029007305543618392,24.27752,33.0,297,first neighbor
TCF7L2,0.0010430279844992486,0.0,0.0594679186228482,0.008487322733132789,7.00668,811.0,298,first neighbor
BRD4,0.0010407243114967319,0.0,0.07042253521126761,0.008218736570691878,8.56854,428.0,299,first neighbor
RPL13,0.0010394692328952947,0.0,0.06416275430359937,0.015255694026643748,4.20582,193.0,300,first neighbor
MTA1,0.0010371019539621663,0.0,0.06885758998435054,0.007198109153416416,9.56607,337.0,301,first neighbor
HMGA1,0.0010326657293740393,0.0,0.07355242566510173,0.011710356682423722,6.28097,374.0,302,first neighbor
FASLG,0.0010317313235509809,0.0,0.06416275430359937,0.007144391920928234,8.98086,693.0,303,first neighbor
RBBP7,0.001028314896450376,0.0,0.07042253521126761,0.008917060593038246,7.89751,253.0,304,first neighbor
NTRK2,0.0010236017656358458,0.0,0.057902973395931145,0.0053717232488182205,10.77922,387.0,305,first neighbor
CDC27,0.0010227938788191073,0.0,0.06885758998435054,0.008111302105715514,8.48909,268.0,306,first neighbor
PCBP1,0.0010138760405431252,0.0,0.06259780907668232,0.013483025354533735,4.64271,291.0,307,first neighbor
ITGAV,0.0010134380330777354,0.0,0.06729264475743349,0.009507950150408251,7.07751,658.0,308,first neighbor
FGF23,0.0010130259061066215,0.0,0.06729264475743349,0.0029007305543618392,23.19852,589.0,309,first neighbor
CARM1,0.001011210929829902,0.0,0.07042253521126761,0.006929522990975505,10.16268,211.0,310,first neighbor
USF1,0.0010077094709294932,0.0,0.06416275430359937,0.010098839707778254,6.35348,181.0,311,first neighbor
TAF2,0.0010066258590022787,0.130560928433269,0.017214397496087636,0.0016652342071336484,10.33752,94.0,312,seed
FANCD2,0.0010054612861857876,0.0,0.06885758998435054,0.005908895573700043,11.65321,308.0,313,first neighbor
CCNA2,0.0010017579236565061,0.0,0.06885758998435054,0.007359260850880962,9.35659,371.0,314,first neighbor
SREBF1,0.001000351046995543,0.0,0.07042253521126761,0.008487322733132789,8.29738,431.0,315,first neighbor
CCT3,0.000998624072726319,0.0,0.06416275430359937,0.014342501074344649,4.47361,267.0,316,first neighbor
KLF5,0.0009970401680042896,0.0,0.06572769953051644,0.004189944134078212,15.68701,262.0,317,first neighbor
ITCH,0.0009921434679593406,0.0,0.06885758998435054,0.010904598195100989,6.31455,297.0,318,first neighbor
TLR4,0.0009893584051911745,0.0,0.06416275430359937,0.007144391920928234,8.98086,2628.0,319,first neighbor
TCF3,0.0009843699972720574,0.0,0.06572769953051644,0.010850880962612806,6.05736,271.0,320,first neighbor
CCNC,0.0009842098996767224,0.0,0.06885758998435054,0.009024495058014611,7.63008,89.0,321,first neighbor
SPEN,0.0009834218655290312,0.02321083172147,0.046948356807511735,0.003115599484314568,15.0688,88.0,322,seed
BLM,0.0009798226915650298,0.0,0.06729264475743349,0.005640309411259132,11.93067,351.0,323,first neighbor
PHB,0.0009758101304973688,0.0,0.06572769953051644,0.008057584873227332,8.15725,,324,first neighbor
SMARCA2,0.0009743435157560523,0.0,0.06885758998435054,0.00730554361839278,9.42539,283.0,325,first neighbor
WT1,0.0009731283916263565,0.0,0.06572769953051644,0.007735281478298238,8.49713,726.0,326,first neighbor
ENO1,0.0009687493485503232,0.0,0.06572769953051644,0.015954018048990114,4.11982,394.0,327,first neighbor
MUC1,0.000967476959163981,0.0,0.0594679186228482,0.010636012032660078,5.59119,918.0,328,first neighbor
KITLG,0.0009625764360601014,0.0,0.06416275430359937,0.003867640739149119,16.58964,251.0,329,first neighbor
MST1R,0.0009501948930980893,0.0,0.05320813771517997,0.003599054576708208,14.78392,166.0,330,first neighbor
HIPK2,0.0009498900123696129,0.0,0.06572769953051644,0.005049419853889127,13.01688,201.0,331,first neighbor
HSP90B1,0.000944574570474005,0.0,0.06259780907668232,0.01165663944993554,5.37014,396.0,332,first neighbor
STAT6,0.0009412769495329928,0.0,0.057902973395931145,0.007574129780833692,7.64484,368.0,333,first neighbor
UBTF,0.0009410075270457455,0.0,0.056338028169014086,0.005855178341211861,9.62191,185.0,334,first neighbor
GATA1,0.0009399873744350663,0.0,0.06416275430359937,0.009615384615384616,6.67293,302.0,335,first neighbor
NCK2,0.0009397144473449841,0.0,0.048513302034428794,0.013536742587021916,3.58382,111.0,336,first neighbor
UHRF2,0.0009383416613801996,0.0,0.06103286384976526,0.005640309411259132,10.82084,67.0,337,first neighbor
SMARCA5,0.0009334887542996759,0.0,0.06103286384976526,0.005908895573700043,10.32898,230.0,338,first neighbor
MYOD1,0.0009302601918347148,0.0,0.06885758998435054,0.005694026643747314,12.09295,192.0,339,first neighbor
GLI2,0.0009256177318707804,0.0,0.054773082942097026,0.009131929522990976,5.99797,212.0,340,first neighbor
PLEC,0.0009251724856001705,0.0,0.06259780907668232,0.011549204984959175,5.4201,254.0,341,first neighbor
SOCS1,0.0009236376487901638,0.0,0.06572769953051644,0.0059626128061882255,11.0233,456.0,342,first neighbor
CHEK2,0.0009224680261287357,0.0,0.06103286384976526,0.006446067898581865,9.46823,636.0,343,first neighbor
HSPA9,0.0009189278953420831,0.0,0.06103286384976526,0.011978942844864632,5.09501,427.0,344,first neighbor
TAF1,0.0009177372545754044,0.0,0.05320813771517997,0.007359260850880962,7.23009,220.0,345,first neighbor
EIF2AK2,0.0009148141725021657,0.0,0.06259780907668232,0.007896433175762784,7.92735,464.0,346,first neighbor
SPI1,0.000909068883986507,0.0,0.06259780907668232,0.008648474430597335,7.23802,265.0,347,first neighbor
CFLAR,0.0009034051632213751,0.0,0.056338028169014086,0.004565964761495488,12.33869,389.0,348,first neighbor
RPS25,0.0008996488558439805,0.0,0.051643192488262914,0.012623549634722819,4.09102,174.0,349,first neighbor
IGF1,0.0008987493159379859,0.0,0.06416275430359937,0.0042436613665663946,15.11967,1985.0,350,first neighbor
RUNX3,0.0008976574266028174,0.0,0.054773082942097026,0.004351095831542759,12.58834,413.0,351,first neighbor
FOXM1,0.0008968507162869594,0.0,0.06103286384976526,0.0059626128061882255,10.23593,608.0,352,first neighbor
STK11,0.0008964732023767183,0.0,0.06103286384976526,0.009024495058014611,6.76302,543.0,353,first neighbor
BECN1,0.0008874597217505575,0.0,0.06103286384976526,0.01020627417275462,5.97994,645.0,354,first neighbor
FANCC,0.0008820580275389118,0.0,0.056338028169014086,0.004404813064030941,12.79011,155.0,355,first neighbor
PRKD1,0.0008806178574204395,0.0,0.057902973395931145,0.006446067898581865,8.98268,226.0,356,first neighbor
CCT8,0.0008800786979129848,0.0,0.054773082942097026,0.009937688010313708,5.51165,240.0,357,first neighbor
SMAD7,0.0008772203504598202,0.0,0.06103286384976526,0.007198109153416416,8.47901,386.0,358,first neighbor
JUP,0.0008766114021519401,0.0,0.05320813771517997,0.008003867640739149,6.6478,302.0,359,first neighbor
RPS9,0.0008721241075071221,0.0,0.05320813771517997,0.012838418564675548,4.14445,186.0,360,first neighbor
CDC25C,0.0008699848683403847,0.0,0.0594679186228482,0.008326171035668243,7.14229,231.0,361,first neighbor
BRAF,0.0008691483689546404,0.0,0.06259780907668232,0.0072518263859045985,8.63201,2583.0,362,first neighbor
RUNX2,0.0008688617484840881,0.0,0.0594679186228482,0.005425440481306403,10.96094,599.0,363,first neighbor
CCT6A,0.0008671623530037513,0.0,0.054773082942097026,0.011871508379888268,4.61383,237.0,364,first neighbor
KLHL38,0.0008666200348861879,0.133462282398453,0.01564945226917058,0.005855178341211861,2.67275,12.0,365,seed
PARK7,0.0008652772568767022,0.0,0.054773082942097026,0.008917060593038246,6.1425,510.0,366,first neighbor
RPL23,0.0008599565548848588,0.0,0.05320813771517997,0.013912763214439192,3.82441,190.0,367,first neighbor
CDK6,0.0008560465811755353,0.0,0.056338028169014086,0.009185646755479157,6.13327,435.0,368,first neighbor
KLF4,0.0008542045288022461,0.0,0.05320813771517997,0.005479157713794585,9.71101,495.0,369,first neighbor
MAP3K5,0.0008538583998473583,0.0,0.0594679186228482,0.007950150408250967,7.4801,313.0,370,first neighbor
CAD,0.000845147473090296,0.0,0.054773082942097026,0.006499785131070047,8.42691,209.0,371,first neighbor
MTA2,0.0008441196382001966,0.0,0.05320813771517997,0.006446067898581865,8.25436,218.0,372,first neighbor
MED21,0.0008377399708724548,0.0,0.056338028169014086,0.007359260850880962,7.65539,68.0,373,first neighbor
SNAI1,0.0008350626093426401,0.0,0.0594679186228482,0.006607219596046412,9.00045,624.0,374,first neighbor
EREG,0.0008338527258353007,0.0,0.054773082942097026,0.0027395788568972926,19.99325,88.0,375,first neighbor
CD2AP,0.0008317789598789258,0.0,0.04381846635367762,0.004941985388912763,8.86657,153.0,376,first neighbor
MCM3,0.0008317308944248906,0.0,0.051643192488262914,0.007198109153416416,7.17455,272.0,377,first neighbor
MCM6,0.0008307941018884882,0.0,0.05320813771517997,0.006983240223463687,7.61941,226.0,378,first neighbor
ERBIN,0.0008307227070397996,0.0,0.0594679186228482,0.006768371293510958,8.78615,123.0,379,first neighbor
BCR,0.0008305823757689739,0.0,0.051643192488262914,0.0066609368285345935,7.75314,472.0,380,first neighbor
GPS2,0.0008277783835990231,0.0077369439071566,0.03912363067292645,0.005318006016330039,7.35682,78.0,381,seed
HES1,0.0008274551293650712,0.0,0.05320813771517997,0.00461968199398367,11.51771,190.0,382,first neighbor
EMD,0.0008270648541945458,0.0,0.057902973395931145,0.01289213579716373,4.49134,291.0,383,first neighbor
PSMD2,0.0008238530181583307,0.0,0.051643192488262914,0.014342501074344649,3.60071,289.0,384,first neighbor
ETS2,0.000823240140205854,0.0,0.051643192488262914,0.004780833691448216,10.80213,136.0,385,first neighbor
DNAJA1,0.0008212412113020087,0.0,0.054773082942097026,0.00827245380318006,6.62114,286.0,386,first neighbor
MSH2,0.0008189086212267536,0.0,0.05320813771517997,0.0055328749462827675,9.61673,862.0,387,first neighbor
STIP1,0.0008172079645079915,0.0,0.051643192488262914,0.00923936398796734,5.58947,237.0,388,first neighbor
RASSF1,0.0008155839954729976,0.0,0.051643192488262914,0.005855178341211861,8.82009,502.0,389,first neighbor
MYBL2,0.00081354483628185,0.0,0.051643192488262914,0.0037602062741727547,13.73414,157.0,390,first neighbor
CCNH,0.0008127211150533427,0.0,0.04538341158059468,0.008165019338203695,5.55827,159.0,391,first neighbor
ANGPT1,0.0008115651084486376,0.0,0.05320813771517997,0.0024709926944563817,21.5331,326.0,392,first neighbor
RPS15A,0.0008112641098704782,0.0,0.048513302034428794,0.011817791147400086,4.10511,176.0,393,first neighbor
INSRR,0.0008068825769402853,0.0,0.03599374021909233,0.0022561237645036527,15.9538,30.0,394,first neighbor
TIAM1,0.0008065948935759201,0.0,0.048513302034428794,0.006607219596046412,7.34247,181.0,395,first neighbor
CTNND1,0.0008062479426468915,0.0,0.051643192488262914,0.005264288783841857,9.8101,369.0,396,first neighbor
TRIM24,0.0008053206574809277,0.0,0.051643192488262914,0.004297378599054577,12.01737,129.0,397,first neighbor
MLH1,0.0008045337627965228,0.0,0.051643192488262914,0.01240868070477009,4.16186,1051.0,398,first neighbor
RPS13,0.0008032752142022417,0.0,0.04538341158059468,0.012032660077352814,3.77169,198.0,399,first neighbor
EZR,0.0007979073545449906,0.0,0.05320813771517997,0.00778899871078642,6.83119,594.0,400,first neighbor
MMP9,0.0007977508921926283,0.0,0.056338028169014086,0.006983240223463687,8.06761,3059.0,401,first neighbor
SYNE1,0.0007964561864329026,0.04642166344294,0.0297339593114241,0.003384185646755479,8.78615,133.0,402,seed
PSEN1,0.0007957874860213816,0.0,0.050078247261345854,0.009507950150408251,5.26699,841.0,403,first neighbor
RPS17,0.0007944986417444924,0.0,0.04538341158059468,0.011226901590030081,4.04238,173.0,404,first neighbor
GTF2I,0.00079287873579764,0.0,0.054773082942097026,0.0063386334336055,8.64115,264.0,405,first neighbor
TNFRSF11B,0.0007904778645313473,0.132495164410058,0.012519561815336464,0.0010206274172754619,12.26653,778.0,406,seed
FLNB,0.0007845173647269945,0.0,0.048513302034428794,0.005425440481306403,8.94182,190.0,407,first neighbor
MED12,0.0007843726194553488,0.0,0.05320813771517997,0.0053717232488182205,9.90523,230.0,408,first neighbor
CCNA1,0.0007693390543719745,0.0,0.054773082942097026,0.005264288783841857,10.40465,157.0,409,first neighbor
BAG4,0.0007657842380325205,0.0,0.04225352112676056,0.009293081220455522,4.54677,67.0,410,first neighbor
OGT,0.0007646428696708851,0.0,0.051643192488262914,0.006284916201117319,8.21701,308.0,411,first neighbor
MED17,0.0007596724362017625,0.0,0.050078247261345854,0.004727116458960034,10.59383,95.0,412,first neighbor
TMPO,0.0007595220940214442,0.0,0.050078247261345854,0.006284916201117319,7.96801,228.0,413,first neighbor
ASH2L,0.000758594944908521,0.0,0.050078247261345854,0.0046733992264718525,10.71559,164.0,414,first neighbor
FOXP3,0.0007579330353027591,0.0,0.054773082942097026,0.006392350666093683,8.56854,1101.0,415,first neighbor
CBX5,0.000757157385944021,0.0,0.050078247261345854,0.01068972926514826,4.68471,274.0,416,first neighbor
CDC16,0.0007537880847158947,0.0,0.048513302034428794,0.009454232917920068,5.13138,145.0,417,first neighbor
MDM4,0.0007536718705664704,0.0,0.054773082942097026,0.004941985388912763,11.08321,332.0,418,first neighbor
DDX17,0.0007520998026534387,0.0,0.05320813771517997,0.007681564245810056,6.92673,290.0,419,first neighbor
FOXK2,0.0007520997821960172,0.0,0.048513302034428794,0.006983240223463687,6.9471,86.0,420,first neighbor
MRE11,0.0007490199128789364,0.0,0.054773082942097026,0.005049419853889127,10.8474,437.0,421,first neighbor
MTA3,0.0007463375889669574,0.0,0.046948356807511735,0.003599054576708208,13.04464,106.0,422,first neighbor
RFC1,0.000740969652060222,0.0,0.03912363067292645,0.0035453373442200257,11.03523,181.0,423,first neighbor
BCL10,0.0007366842414659792,0.0,0.050078247261345854,0.005694026643747314,8.79487,196.0,424,first neighbor
CTNNA1,0.0007332103420294427,0.0,0.051643192488262914,0.007144391920928234,7.22849,243.0,425,first neighbor
MYH10,0.0007322015818837342,0.0,0.051643192488262914,0.0058014611087236784,8.90176,218.0,426,first neighbor
DNAJB6,0.0007315884404045401,0.0,0.03599374021909233,0.00730554361839278,4.92691,184.0,427,first neighbor
CASP7,0.0007307564669533392,0.0,0.048513302034428794,0.00558659217877095,8.68388,244.0,428,first neighbor
FASN,0.0007268791060705565,0.0,0.04538341158059468,0.006070047271164589,7.47662,469.0,429,first neighbor
MYBBP1A,0.0007244371823849683,0.0,0.04381846635367762,0.0055328749462827675,7.91966,209.0,430,first neighbor
TRIB1,0.0007216677692788963,0.133462282398453,0.014084507042253521,0.0013966480446927375,10.08451,122.0,431,seed
DCAF7,0.0007209892511919277,0.0,0.04538341158059468,0.006875805758487323,6.60045,122.0,432,first neighbor
TEAD2,0.0007152488542050844,0.0,0.03912363067292645,0.005908895573700043,6.62114,42.0,433,first neighbor
JUND,0.0007146749909571343,0.0,0.050078247261345854,0.008057584873227332,6.21504,136.0,434,first neighbor
TPM3,0.0007132789933786636,0.0,0.046948356807511735,0.009024495058014611,5.20233,234.0,435,first neighbor
BAP1,0.0007130440351414702,0.0087040618955512,0.03912363067292645,0.003867640739149119,10.11563,350.0,436,seed
RBBP5,0.0007116713521430827,0.0,0.046948356807511735,0.0037602062741727547,12.48558,151.0,437,first neighbor
BCL3,0.0007103744703356748,0.0,0.050078247261345854,0.003599054576708208,13.91428,140.0,438,first neighbor
PTK2B,0.0007066165497939938,0.0,0.04225352112676056,0.007090674688440051,5.95903,318.0,439,first neighbor
TPM1,0.000706130717670534,0.0,0.04068857589984351,0.007681564245810056,5.29691,273.0,440,first neighbor
ERCC3,0.0007051778786590455,0.0,0.04068857589984351,0.007627847013321874,5.33421,210.0,441,first neighbor
DYRK1A,0.0007051156434742859,0.0,0.04225352112676056,0.005318006016330039,7.94537,250.0,442,first neighbor
HBEGF,0.0007041312688491655,0.0,0.048513302034428794,0.003115599484314568,15.5711,207.0,443,first neighbor
TFAP4,0.0006995977703200184,0.0,0.04381846635367762,0.0066609368285345935,6.57842,86.0,444,first neighbor
PIP5K1C,0.0006949481555362552,0.0,0.04225352112676056,0.005049419853889127,8.368,78.0,445,first neighbor
SEC16A,0.0006916023233157431,0.0,0.04068857589984351,0.007896433175762784,5.15278,149.0,446,first neighbor
USP37,0.0006915456832468708,0.0,0.04538341158059468,0.005210571551353674,8.70987,53.0,447,first neighbor
LDHA,0.0006902684980960396,0.0,0.048513302034428794,0.006123764503652772,7.92214,389.0,448,first neighbor
GADD45A,0.0006832875762823761,0.0,0.046948356807511735,0.005908895573700043,7.94537,196.0,449,first neighbor
PTTG1,0.0006825185169972254,0.0,0.04068857589984351,0.004458530296519123,9.12601,297.0,450,first neighbor
NOTCH3,0.0006800381715100851,0.0,0.03912363067292645,0.006983240223463687,5.6025,463.0,451,first neighbor
MAP2K7,0.0006800108063702113,0.0,0.04381846635367762,0.0053717232488182205,8.15725,151.0,452,first neighbor
FAM91A1,0.0006740634607777099,0.133462282398453,0.006259780907668232,0.0011280618822518264,5.54915,46.0,453,seed
AATF,0.0006715534824085928,0.0,0.04225352112676056,0.0040825096691018475,10.34989,119.0,454,first neighbor
TXN,0.0006715004327743409,0.0,0.04381846635367762,0.00655350236355823,6.68627,455.0,455,first neighbor
UBE2E1,0.0006689944463815815,0.0,0.03912363067292645,0.009561667382896433,4.09172,149.0,456,first neighbor
PPM1A,0.0006689454074506917,0.0,0.048513302034428794,0.006392350666093683,7.58927,109.0,457,first neighbor
PPP3CA,0.0006674560079250597,0.0,0.03599374021909233,0.0072518263859045985,4.9634,203.0,458,first neighbor
RRAS,0.000665952889665522,0.0,0.04068857589984351,0.007198109153416416,5.65268,83.0,459,first neighbor
PA2G4,0.0006629276788269621,0.0,0.050078247261345854,0.007842715943274603,6.38532,185.0,460,first neighbor
NLK,0.000660803268602003,0.0,0.03599374021909233,0.003921357971637301,9.1789,97.0,461,first neighbor
RORC,0.0006564454931167226,0.0,0.04225352112676056,0.0034916201117318434,12.10141,155.0,462,first neighbor
VASP,0.0006552945885649642,0.0,0.03912363067292645,0.0066609368285345935,5.87359,218.0,463,first neighbor
EIF3A,0.0006527824946937772,0.0,0.03755868544600939,0.007842715943274603,4.78899,244.0,464,first neighbor
STAG2,0.0006518270634967419,0.0,0.04068857589984351,0.00827245380318006,4.91856,145.0,465,first neighbor
DNAJB1,0.0006503864789996372,0.0,0.04068857589984351,0.005318006016330039,7.6511,215.0,466,first neighbor
EIF2S3,0.0006456675388774851,0.0,0.03599374021909233,0.006499785131070047,5.53768,132.0,467,first neighbor
KDM6A,0.0006455978401395308,0.0174081237911025,0.018779342723004695,0.0019338203695745595,9.71101,180.0,468,seed
ERCC6,0.0006399145085041796,0.0,0.04381846635367762,0.004565964761495488,9.59676,246.0,469,first neighbor
DMD,0.0006391493243202019,0.0386847195357834,0.03129890453834116,0.0055328749462827675,5.6569,533.0,470,seed
ACTR3,0.0006388086468258052,0.0,0.03599374021909233,0.004941985388912763,7.28326,190.0,471,first neighbor
FOXK1,0.0006375566003083248,0.0,0.03912363067292645,0.004458530296519123,8.77501,121.0,472,first neighbor
BCAS3,0.00063617427406142,0.023452157598499,0.023474178403755867,0.0021486892995272885,10.92488,51.0,473,seed
USP21,0.0006311260501739144,0.0,0.03599374021909233,0.007681564245810056,4.68573,71.0,474,first neighbor
NSMCE2,0.0006294918249749194,0.134429400386847,0.00782472613458529,0.001289213579716373,6.06938,51.0,475,seed
NINL,0.0006290751981341823,0.0,0.04068857589984351,0.014933390631714654,2.72467,46.0,476,first neighbor
EIF3E,0.0006288237304128068,0.0,0.03912363067292645,0.00827245380318006,4.72939,193.0,477,first neighbor
EEF1G,0.0006268058203977014,0.0,0.04225352112676056,0.009776536312849162,4.32193,214.0,478,first neighbor
PIP5K1A,0.0006249323119408064,0.0,0.03442879499217527,0.005694026643747314,6.04648,91.0,479,first neighbor
MALT1,0.0006114329628416064,0.0,0.03912363067292645,0.004351095831542759,8.99167,244.0,480,first neighbor
FER,0.0006109985761800503,0.0,0.04068857589984351,0.002094972067039106,19.42201,96.0,481,first neighbor
NUDC,0.0006080189944535709,0.0,0.03755868544600939,0.012354963472281908,3.03997,136.0,482,first neighbor
ALDOA,0.0006070964942083686,0.0,0.04381846635367762,0.005747743876235496,7.62359,246.0,483,first neighbor
NIPBL,0.0006070752296757887,0.0154738878143133,0.03129890453834116,0.0019338203695745595,16.18501,161.0,484,seed
EBNA1BP2,0.0006070264978392103,0.0,0.03129890453834116,0.004888268156424581,6.40286,130.0,485,first neighbor
KDM5B,0.0006062934174079695,0.0,0.03755868544600939,0.003921357971637301,9.57798,141.0,486,first neighbor
TAL1,0.000604476940763545,0.0,0.04068857589984351,0.0034916201117318434,11.65321,143.0,487,first neighbor
HBP1,0.0006038658729925863,0.0,0.03599374021909233,0.0025247099269445636,14.25658,67.0,488,first neighbor
TNFRSF10B,0.000601373921790302,0.0,0.03599374021909233,0.0046733992264718525,7.70183,396.0,489,first neighbor
SPTBN2,0.0005899225080486016,0.0,0.03286384976525822,0.0029007305543618392,11.32951,89.0,490,first neighbor
MACROH2A1,0.0005887725853026793,0.0,0.04068857589984351,0.006177481736140954,6.5866,198.0,491,first neighbor
YBX3,0.0005872463868787936,0.0,0.03599374021909233,0.0046733992264718525,7.70183,162.0,492,first neighbor
CHD8,0.0005871770073869549,0.0,0.03755868544600939,0.003599054576708208,10.43571,136.0,493,first neighbor
AGER,0.0005814831964831542,0.0,0.03912363067292645,0.004404813064030941,8.88202,986.0,494,first neighbor
DAPK3,0.0005805385138892228,0.0,0.03755868544600939,0.003276751181779115,11.46217,80.0,495,first neighbor
PAX5,0.0005795288759472703,0.0,0.03129890453834116,0.004297378599054577,7.28326,195.0,496,first neighbor
SERPINH1,0.0005778627519127924,0.0,0.03286384976525822,0.008218736570691878,3.99865,219.0,497,first neighbor
CDKN1C,0.000576228073530386,0.0,0.03442879499217527,0.0021486892995272885,16.02316,241.0,498,first neighbor
RRAS2,0.0005746471408954731,0.0,0.03442879499217527,0.006231198968629136,5.52523,76.0,499,first neighbor
AHNAK,0.0005732857336403563,0.0,0.04068857589984351,0.005908895573700043,6.88599,178.0,500,first neighbor
WRN,0.0005701955686274825,0.0,0.03755868544600939,0.0029007305543618392,12.94801,355.0,501,first neighbor
APPL1,0.0005692165326094038,0.0,0.03286384976525822,0.005640309411259132,5.8266,114.0,502,first neighbor
HIVEP1,0.0005683246827454015,0.0125725338491296,0.03129890453834116,0.004941985388912763,6.33327,60.0,503,seed
MED19,0.0005681179888226655,0.0,0.03442879499217527,0.0045122475290073055,7.63008,68.0,504,first neighbor
XRN1,0.0005661984658706968,0.0,0.028169014084507043,0.006446067898581865,4.36995,110.0,505,first neighbor
CAPZA1,0.0005661002968827427,0.0,0.03755868544600939,0.005210571551353674,7.20817,166.0,506,first neighbor
SLC25A5,0.0005654265573402407,0.0,0.03129890453834116,0.006768371293510958,4.62429,243.0,507,first neighbor
USP2,0.0005653218457342996,0.0,0.03442879499217527,0.011280618822518265,3.05203,129.0,508,first neighbor
CASP1,0.0005637404626897145,0.0,0.03912363067292645,0.0055328749462827675,7.07112,364.0,509,first neighbor
ITGA2B,0.000562972775342963,0.0,0.03442879499217527,0.005640309411259132,6.10406,430.0,510,first neighbor
TAF9,0.0005621501650639937,0.0,0.0297339593114241,0.0072518263859045985,4.1002,122.0,511,first neighbor
NAP1L1,0.0005596711091938611,0.0,0.03442879499217527,0.0068220885259991405,5.04666,205.0,512,first neighbor
XRCC3,0.0005577889534415935,0.0,0.03755868544600939,0.008165019338203695,4.59995,501.0,513,first neighbor
CRYAB,0.0005574076220702449,0.0,0.03286384976525822,0.007144391920928234,4.59995,373.0,514,first neighbor
RFC4,0.0005565973822574938,0.0,0.03286384976525822,0.004565964761495488,7.19757,167.0,515,first neighbor
TEC,0.0005547678223908149,0.0,0.03129890453834116,0.006392350666093683,4.89631,80.0,516,first neighbor
IL24,0.000549913013133792,0.0,0.03286384976525822,0.003921357971637301,8.38073,180.0,517,first neighbor
IRF2,0.0005458426265634675,0.0,0.03599374021909233,0.0035453373442200257,10.15242,100.0,518,first neighbor
TRAP1,0.000545106385653565,0.0,0.03286384976525822,0.005694026643747314,5.77164,203.0,519,first neighbor
PTPA,0.0005440296908038326,0.0,0.03599374021909233,0.0040825096691018475,8.81657,239.0,520,first neighbor
FANCI,0.0005427331323206146,0.0,0.03599374021909233,0.00461968199398367,7.79139,157.0,521,first neighbor
HNRNPUL1,0.0005414153182347741,0.0,0.03599374021909233,0.0111731843575419,3.22144,184.0,522,first neighbor
CEBPZ,0.0005288373633770418,0.0,0.026604068857589987,0.00413622690159003,6.43197,90.0,523,first neighbor
STYX,0.0005245731660087829,0.0,0.0297339593114241,0.00365277180919639,8.14011,23.0,524,first neighbor
CBFB,0.0005230677016384352,0.0174081237911025,0.020344287949921755,0.0022561237645036527,9.01736,167.0,525,seed
NRG2,0.0005225201399930268,0.0,0.03442879499217527,0.001557799742157284,22.10091,25.0,526,first neighbor
FOXG1,0.0005216678243613092,0.0,0.03442879499217527,0.004780833691448216,7.20142,114.0,527,first neighbor
LRPPRC,0.000520852918319091,0.0,0.03129890453834116,0.006016330038676407,5.20233,211.0,528,first neighbor
TWIST2,0.0005181369826405947,0.0,0.03129890453834116,0.002578427159432746,12.13876,75.0,529,first neighbor
ATF1,0.0005157830623613061,0.0,0.03912363067292645,0.006070047271164589,6.44536,114.0,530,first neighbor
SERPINB5,0.0005117548033449497,0.0,0.03442879499217527,0.004834550923936399,7.1214,257.0,531,first neighbor
FAM83A,0.0005115879850530199,0.129593810444874,0.006259780907668232,0.0017726686721100129,3.53128,41.0,532,seed
CBX3,0.0005102712121863963,0.0,0.03286384976525822,0.006446067898581865,5.09828,263.0,533,first neighbor
HIC1,0.0005099470895478652,0.0,0.03129890453834116,0.001826385904598195,17.13707,86.0,534,first neighbor
SNRPD3,0.0005088191044451787,0.0,0.03129890453834116,0.011012032660077354,2.84225,192.0,535,first neighbor
TICAM1,0.0005086067611708244,0.0,0.0297339593114241,0.004351095831542759,6.83367,145.0,536,first neighbor
MTSS1,0.0005055500792345597,0.131528046421663,0.004694835680751174,0.0005371723248818221,8.73991,84.0,537,seed
AARSD1,0.000504521746981525,0.0,0.0297339593114241,0.008594757198109154,3.45955,24.0,538,first neighbor
SNX9,0.0004997485137974611,0.0,0.025039123630672927,0.004189944134078212,5.976,110.0,539,first neighbor
BCAR3,0.0004970738153646951,0.0,0.026604068857589987,0.004458530296519123,5.967,69.0,540,first neighbor
TMOD1,0.0004953591523538196,0.0,0.028169014084507043,0.004189944134078212,6.723,58.0,541,first neighbor
PHKA2,0.0004938357852239859,0.0145067698259188,0.014084507042253521,0.002309840996991835,6.09761,65.0,542,seed
CAPZB,0.0004903526331022365,0.0,0.03129890453834116,0.005264288783841857,5.94551,173.0,543,first neighbor
IL6ST,0.0004899124594683502,0.0,0.0297339593114241,0.006016330038676407,4.94221,296.0,544,first neighbor
ACTC1,0.0004886089466456012,0.0,0.03129890453834116,0.0059626128061882255,5.24919,233.0,545,first neighbor
MAL2,0.0004863709209463521,0.133462282398453,0.009389671361502348,0.003061882251826386,3.06663,44.0,546,seed
COL14A1,0.0004805762151008793,0.130560928433269,0.010954616588419406,0.0021486892995272885,5.09828,51.0,547,seed
CXXC1,0.00047987788626315745,0.0,0.028169014084507043,0.002847013321873657,9.89423,65.0,548,first neighbor
NKX3-1,0.0004790843950569961,0.0,0.028169014084507043,0.0034916201117318434,8.06761,120.0,549,first neighbor
HEY2,0.0004789608254939237,0.0,0.026604068857589987,0.003115599484314568,8.53899,69.0,550,first neighbor
NOLC1,0.00047761251490761815,0.0,0.03442879499217527,0.005264288783841857,6.54007,156.0,551,first neighbor
MAP4,0.00047748353447003394,0.0,0.03129890453834116,0.0033304684142672967,9.39775,180.0,552,first neighbor
SYNJ1,0.00047371667300153406,0.0,0.025039123630672927,0.0037602062741727547,6.65898,86.0,553,first neighbor
ANKHD1,0.000472665922016294,0.0154738878143133,0.02190923317683881,0.0040825096691018475,5.36661,85.0,554,seed
SCN3B,0.00046777737717792323,0.0,0.02190923317683881,0.009991405242801892,2.19281,41.0,555,first neighbor
HMGA2,0.0004677706611699872,0.0,0.03286384976525822,0.0034379028792436614,9.55927,490.0,556,first neighbor
INPP5E,0.00046683683259368333,0.0,0.025039123630672927,0.005156854318865492,4.8555,41.0,557,first neighbor
ANK2,0.0004662828975331279,0.0,0.026604068857589987,0.0035453373442200257,7.50396,117.0,558,first neighbor
TBX3,0.0004623042199850894,0.0241779497098646,0.02190923317683881,0.0020412548345509238,10.73322,118.0,559,seed
SYMPK,0.0004609306853266985,0.0,0.025039123630672927,0.003921357971637301,6.38532,83.0,560,first neighbor
TFAP2C,0.00045497038305952997,0.0,0.026604068857589987,0.005156854318865492,5.15897,98.0,561,first neighbor
CAPN1,0.0004546071941767501,0.0,0.025039123630672927,0.005640309411259132,4.43932,262.0,562,first neighbor
CSE1L,0.0004542515727195403,0.0,0.023474178403755867,0.004565964761495488,5.14112,206.0,563,first neighbor
GFI1,0.00045307058491141447,0.0,0.023474178403755867,0.0026321443919209283,8.91827,89.0,564,first neighbor
FOXQ1,0.0004470745878539903,0.0,0.025039123630672927,0.006070047271164589,4.12503,72.0,565,first neighbor
UBE2L6,0.00044400510635311916,0.0,0.026604068857589987,0.005318006016330039,5.00264,69.0,566,first neighbor
IRF5,0.000443571620293266,0.0,0.0297339593114241,0.004028792436613666,7.38037,268.0,567,first neighbor
USP28,0.00043886458876186854,0.0,0.02190923317683881,0.0029007305543618392,7.55301,89.0,568,first neighbor
L3MBTL1,0.0004357481955101929,0.0,0.023474178403755867,0.002847013321873657,8.24519,44.0,569,first neighbor
RBBP8,0.0004324073297245497,0.0,0.03129890453834116,0.0037602062741727547,8.32372,193.0,570,first neighbor
KDM5A,0.00043176720314122194,0.0,0.028169014084507043,0.0017189514396218307,16.38732,113.0,571,first neighbor
NRG4,0.00042506390047515564,0.0,0.026604068857589987,0.0013966480446927375,19.04851,36.0,572,first neighbor
TPM4,0.00041864685873647,0.0,0.026604068857589987,0.004834550923936399,5.5029,124.0,573,first neighbor
NME1,0.0004161241368021873,0.0,0.02190923317683881,0.006284916201117319,3.486,385.0,574,first neighbor
PPP2R5C,0.0004124392497192323,0.0,0.028169014084507043,0.003813923506660937,7.38584,106.0,575,first neighbor
UFD1,0.00041110160831923063,0.0,0.017214397496087636,0.003813923506660937,4.51357,131.0,576,first neighbor
ARPC2,0.0004109699797078956,0.0,0.023474178403755867,0.003921357971637301,5.98624,116.0,577,first neighbor
THRSP,0.0004095099675300394,0.0,0.02190923317683881,0.0016115169746454662,13.59541,30.0,578,first neighbor
HNRNPH2,0.00040575223385735124,0.0,0.026604068857589987,0.010636012032660078,2.50132,142.0,579,first neighbor
TOP3A,0.00040398913088841794,0.0,0.023474178403755867,0.0026321443919209283,8.91827,89.0,580,first neighbor
USO1,0.00040345155159235234,0.0,0.02190923317683881,0.00413622690159003,5.29691,104.0,581,first neighbor
MSN,0.0003992497639914563,0.0,0.026604068857589987,0.004351095831542759,6.11434,269.0,582,first neighbor
TEAD4,0.0003983403274420953,0.0,0.018779342723004695,0.004351095831542759,4.316,110.0,583,first neighbor
PSMC3IP,0.00039831303125540144,0.0,0.02190923317683881,0.001289213579716373,16.99426,31.0,584,first neighbor
TCF12,0.0003960734546905783,0.0,0.023474178403755867,0.006016330038676407,3.90174,119.0,585,first neighbor
PBK,0.0003953913716710608,0.0,0.02190923317683881,0.0026858616244091102,8.15725,117.0,586,first neighbor
E4F1,0.00039285256843916473,0.0,0.025039123630672927,0.004297378599054577,5.8266,40.0,587,first neighbor
BEX1,0.00038823032267128687,0.0,0.018779342723004695,0.0017189514396218307,10.92488,32.0,588,first neighbor
ERC1,0.0003876325438012502,0.0,0.020344287949921755,0.0037602062741727547,5.41042,106.0,589,first neighbor
HCFC2,0.0003858727337917111,0.0087040618955512,0.025039123630672927,0.0019338203695745595,12.94801,38.0,590,seed
FBP2,0.0003840731573599859,0.0,0.02190923317683881,0.0024172754619681994,9.06361,31.0,591,first neighbor
EYA2,0.0003815851262024496,0.0,0.017214397496087636,0.005855178341211861,2.94003,61.0,592,first neighbor
TFF1,0.00038144260273939215,0.0,0.028169014084507043,0.002363558229480017,11.91805,184.0,593,first neighbor
ZMYM3,0.0003782794902215723,0.011605415860735,0.023474178403755867,0.0026321443919209283,8.91827,64.0,594,seed
NOL3,0.0003740985009607484,0.0,0.018779342723004695,0.0016652342071336484,11.2773,55.0,595,first neighbor
DAB2IP,0.00037074638861274076,0.0,0.02190923317683881,0.0027395788568972926,7.9973,131.0,596,first neighbor
ZNF703,0.0003682609741094032,0.131528046421663,0.00782472613458529,0.0016115169746454662,4.8555,49.0,597,seed
MARS1,0.00036605502353629515,0.0,0.023474178403755867,0.004028792436613666,5.8266,165.0,598,first neighbor
ITPR3,0.0003655218671047446,0.0,0.023474178403755867,0.005156854318865492,4.55203,153.0,599,first neighbor
ATP1A3,0.0003642024164999452,0.0,0.020344287949921755,0.004780833691448216,4.25538,131.0,600,first neighbor
MYCBP2,0.00035669767365328236,0.0,0.020344287949921755,0.005908895573700043,3.44299,117.0,601,first neighbor
TRMO,0.00035344247696004756,0.0,0.018779342723004695,0.001557799742157284,12.05504,16.0,602,first neighbor
EXT1,0.00034473965673447365,0.133462282398453,0.006259780907668232,0.001987537602062742,3.14952,128.0,603,seed
SETD1A,0.00034372446034344,0.0,0.02190923317683881,0.002363558229480017,9.2696,118.0,604,first neighbor
TNS3,0.00034117597441801767,0.0,0.02190923317683881,0.001557799742157284,14.06422,56.0,605,first neighbor
APOB,0.0003388697115148298,0.0,0.02190923317683881,0.005908895573700043,3.70784,892.0,606,first neighbor
DGKZ,0.0003355164566140349,0.0,0.014084507042253521,0.003867640739149119,3.64163,71.0,607,first neighbor
NDUFB9,0.00033416792272004746,0.130560928433269,0.006259780907668232,0.0042436613665663946,1.47509,58.0,608,seed
OLA1,0.0003289459268809839,0.0,0.017214397496087636,0.002094972067039106,8.21701,96.0,609,first neighbor
DIAPH1,0.00032570682792629663,0.0087040618955512,0.020344287949921755,0.003115599484314568,6.52981,164.0,610,seed
DCN,0.0003240403400039881,0.0,0.02190923317683881,0.004297378599054577,5.09828,255.0,611,first neighbor
TNS2,0.0003104461090945505,0.0,0.020344287949921755,0.010367425870219167,1.96233,55.0,612,first neighbor
HES5,0.000306305491965589,0.0,0.014084507042253521,0.0009669101847872797,14.56651,28.0,613,first neighbor
CDH3,0.00030629123308990424,0.0,0.01564945226917058,0.0008594757198109154,18.20814,142.0,614,first neighbor
TMEM65,0.0003058749303980291,0.132495164410058,0.004694835680751174,0.001987537602062742,2.36214,22.0,615,seed
USP36,0.0002934563773562669,0.0,0.017214397496087636,0.0022024065320154704,7.81618,80.0,616,first neighbor
NMT1,0.00028901309628525496,0.0,0.01564945226917058,0.0033304684142672967,4.69887,129.0,617,first neighbor
GALNT12,0.00028540658192860956,0.0,0.012519561815336464,0.003115599484314568,4.01835,23.0,618,first neighbor
UTP23,0.00026909595534412294,0.13926499032882,0.004694835680751174,0.0026858616244091102,1.74798,27.0,619,seed
ARFIP2,0.0002683092146533334,0.0,0.012519561815336464,0.00413622690159003,3.02681,50.0,620,first neighbor
SNTB1,0.000266181299738795,0.129593810444874,0.00782472613458529,0.0013966480446927375,5.6025,59.0,621,seed
TRMT12,0.0002646410081605632,0.130560928433269,0.004694835680751174,0.00037602062741727544,12.48558,15.0,622,seed
MDH1,0.0002548181677597816,0.0,0.01564945226917058,0.001987537602062742,7.87379,88.0,623,first neighbor
NLGN3,0.0002351580885455554,0.0,0.010954616588419406,0.004727116458960034,2.3174,63.0,624,first neighbor
CSDE1,0.00023120402463987853,0.0,0.014084507042253521,0.0024172754619681994,5.8266,136.0,625,first neighbor
SLC30A8,0.0002282284712767054,0.13926499032882,0.004694835680751174,0.004297378599054577,1.09249,234.0,626,seed
S100A11,0.00022305447800599176,0.0,0.010954616588419406,0.0013966480446927375,7.84351,127.0,627,first neighbor
ADGRB1,0.00020817981056959353,0.0,0.006259780907668232,0.0013966480446927375,4.482,48.0,628,first neighbor
NUCB1,0.0002076777603538087,0.0,0.006259780907668232,0.001826385904598195,3.42741,65.0,629,first neighbor
POU5F1B,0.00018854586504589581,0.150870406189555,0.003129890453834116,0.00016115169746454662,19.42201,36.0,630,seed
RNF139,0.00018544874087165851,0.130560928433269,0.003129890453834116,0.0012354963472281909,2.53331,33.0,631,seed
COL6A6,0.00015537831719229783,0.0174081237911025,0.009389671361502348,0.0017726686721100129,5.29691,17.0,632,seed
ANO1,0.00011668201614207233,0.147969052224371,0.001564945226917058,0.00016115169746454662,9.71101,213.0,633,seed
ANXA13,0.00011111911499614034,0.134429400386847,0.003129890453834116,0.00048345509239363987,6.474,27.0,634,seed
MUC17,0.00011061406351020985,0.0251450676982592,0.004694835680751174,0.0020412548345509238,2.29998,26.0,635,seed
CSMD3,9.447209918688027e-05,0.129593810444874,0.001564945226917058,0.00010743446497636442,14.56651,17.0,636,seed
EYS,6.138854693771231e-05,0.0174081237911025,0.003129890453834116,0.00010743446497636442,29.13302,65.0,637,seed
TATDN1,4.662239795613048e-05,0.130560928433269,0.001564945226917058,0.00016115169746454662,9.71101,20.0,638,seed
FBXL20,2.875659460131287e-05,0.0215759849906191,0.001564945226917058,0.00037602062741727544,4.16186,22.0,639,seed
ATP10B,2.6789612423912195e-05,0.0174081237911025,0.001564945226917058,0.00010743446497636442,14.56651,13.0,640,seed
